Last_name,Boys_name,Girls_name
Smith,Irving,Ashlynn
Johnson,Aric,Autumn
Williams,Arthur,Aubree
Jones,Isaak,Ally
Brown,Ernest,Alia
Davis,Arnold,Arely
Miller,Irvin,Aisha
Wilson,Ahmad,Ivy
Moore,Ahmed,Aiyana
Taylor,Earl,Ayla
Anderson,Aaron,Aileen
Thomas,Isaias,Aylin
Jackson,Isaac,Eileen
White,Issac,Irene
Harris,Aiden,Iris
Martin,Ayden,Asia
Thompson,Augustus,Asha
Garcia,Agustin,Ashtyn
Martinez,Axel,Ashton
Robinson,Ashton,Ashlee
Clark,Adan,Ashleigh
Rodriguez,Adam,Ashley
Lewis,Asher,Ashly
Lee,Addison,Ashlyn
Walker,Aden,Aspen
Hall,Adonis,Addison
Allen,Adrien,Athena
Young,Adolfo,Adeline
Hernandez,Abdullah,Adriana
King,Abraham,Adrianna
Wright,Abram,Adrienne
Lopez,Abel,Ana
Hill,Amari,Anastasia
Scott,Amir,Annamarie
Green,Amos,Anahi
Adams,Alan,Annabel
Baker,Allan,Annabelle
Gonzalez,Ali,Anaya
Nelson,Ari,Annalise
Carter,Ariel,Annie
Mitchell,Alvaro,Anika
Perez,Alvin,Annika
Roberts,Alden,Anissa
Turner,Aldo,Anita
Phillips,Arturo,Aniya
Campbell,Albert,Aniyah
Parker,Alfonso,Annette
Evans,Alfred,Abbey
Edwards,Alfredo,Abbie
Collins,Alberto,Abby
Stewart,Armani,Abigayle
Sanchez,Armando,Abigale
Morris,Alexander,Abbigail
Rogers,Alexzander,Abigail
Reed,Alexandro,Abagail
Cook,Alexis,Abril
Morgan,Alec,Amani
Bell,Alek,Amaya
Murphy,Alex,Amara
Bailey,Alessandro,Amari
Rivera,Alejandro,Amanda
Cooper,Allen,Amina
Richardson,Aron,Amiya
Cox,Alonso,Amira
Howard,Alonzo,Amelia
Ward,Angelo,America
Torres,Anthony,Amya
Peterson,Anderson,Anya
Gray,Andy,Ayana
Ramirez,Antony,Ayanna
James,Antonio,Alysha
Watson,Andrew,Allyson
Brooks,Andre,Alayna
Kelly,Andreas,Araceli
Sanders,Andres,Aracely
Price,Antoine,Alana
Bennett,Anton,Alanna
Wood,Antwan,Ali
Barnes,Ean,Aaliyah
Ross,Ian,Aria
Henderson,Ethan,Ariana
Coleman,Easton,Arianna
Jenkins,Jesus,Aryanna
Perry,Ignacio,Allie
Powell,Isai,Aleah
Long,Isaiah,Alycia
Patterson,Isiah,Alaina
Hughes,Izaiah,Ariel
Flores,Isidro,Arielle
Washington,Ismael,Alisa
Butler,Israel,Alysa
Simmons,Ibrahim,Aliza
Foster,Ivan,Alicia
Gonzales,Infant,Alisha
Bryant,Vernon,Alice
Alexander,Vicente,Alize
Russell,William,Alison
Griffin,Willie,Allison
Diaz,Will,Alyson
Hayes,Wilson,Alissa
Myers,Winston,Allyssa
Ford,Vincent,Alyssa
Hamilton,Vincenzo,Alina
Graham,Wade,Alivia
Sullivan,Wayne,Aliyah
Wallace,Weston,Aliya
Woods,Wesley,Alma
Cole,Walker,Armani
West,Warren,Arlene
Jordan,Vaughn,Alexa
Owens,Walter,Alexus
Reynolds,Uriel,Alexandra
Fisher,Humberto,Alexandrea
Ellis,Avery,Alexandria
Harrison,Asa,Alexia
Gibson,Aidan,Alexis
Mcdonald,Adrian,Alexys
Cruz,Evan,Alejandra
Marshal,Everett,Alex
Ortiz,Ezequiel,Alessandra
Gomez,Esteban,Alena
Murray,Estevan,Alondra
Freeman,Ezra,Ann
Wells,Ezekiel,Anne
Webb,Eddie,Angie
Simpson,Eduardo,Angela
Stevens,Edwin,Angelique
Tucker,Edgar,Angelina
Porter,Edward,Angelica
Hunter,Efrain,Anjali
Hicks,Efren,Ansley
Crawford,Emerson,Antonia
Henry,Emanuel,Andrea
Boyd,Emmanuel,Antoinette
Mason,Emiliano,Anna
Morales,Emilio,Amber
Kennedy,Emmett,Yvette
Warren,Eli,Yvonne
Dixon,Elias,Jena
Ramos,Elian,Yessenia
Reyes,Elliot,Yesenia
Burns,Elliott,Isabela
Gordon,Elisha,Isabella
Shaw,Ellis,Izabella
Holmes,Eliseo,Isabel
Rice,Eric,Isabelle
Robertson,Erick,Isis
Hunt,Erik,Itzel
Black,Elijah,Eve
Daniels,Elvis,Imani
Palmer,Hernan,Iyana
Mills,Ernesto,Elaine
Nichols,Elmer,Ivana
Grant,Jeremiah,Ingrid
Knight,Angel,India
Ferguson,Enrique,Vanessa
Rose,Owen,Valeria
Stone,August,Valerie
Hawkins,Austen,Viviana
Dunn,Austin,Vivian
Perkins,Austyn,Willow
Hudson,Aubrey,Veronica
Spencer,Orlando,Wendy
Gardner,Octavio,Avery
Stephens,Oscar,Aja
Payne,Osvaldo,Adrian
Pierce,Omar,April
Berry,Omari,Aimee
Matthews,Orion,Amy
Arnold,Oliver,Eva
Wagner,Kirk,Evelyn
Willis,Carson,Ava
Ray,Karson,Esther
Watkins,Carter,Estefania
Olson,Curtis,Estrella
Carroll,Kurtis,Esmeralda
Duncan,Carl,Esperanza
Snyder,Karl,Essence
Hart,Carlton,Edith
Cunningham,Kai,Eden
Bradley,Guy,Ebony
Lane,Kaiden,Emma
Andrews,Cayden,Emmalee
Ruiz,Kayden,Emilia
Harper,Kade,Emilee
Fox,Kyler,Emilie
Riley,Kyle,Emily
Armstrong,Kadin,Emerald
Carpenter,Caden,Emely
Weaver,Kaden,Ella
Greene,Gabriel,Ellie
Lawrence,Kavon,Eliana
Elliott,Camden,Elise
Chavez,Kamren,Erica
Sims,Camron,Erika
Austin,Kamron,Elisa
Peters,Kameron,Eliza
Kelley,Khalil,Elisabeth
Franklin,Kurt,Elizabeth
Lawson,Calvin,Elyse
,Carlo,Ericka
,Carlos,Elissa
,Garett,Elyssa
,Garrett,Elaina
,Caleb,Erin
,Kaleb,Eryn
,Cullen,Elsa
,Kareem,Elena
,Gunnar,Eleanor
,Gunner,Ellen
,Keanu,Angel
,Kian,Audrey
,Keyon,Aubrey
,Keegan,Aurora
,Keith,Odalys
,Keaton,Olivia
,Keyshawn,Carson
,Keon,Carla
,Gideon,Carlie
,Keenan,Carly
,Gaven,Karley
,Gavin,Kiley
,Cameron,Karlee
,Camren,Kaia
,Garrison,Kaitlin
,Garret,Kaitlyn
,Cyrus,Kaitlynn
,Kylan,Kaila
,Kieran,Kaylah
,Gilbert,Kaylan
,Guillermo,Kayli
,Guadalupe,Kailee
,Quinn,Kailey
,Quincy,Kyleigh
,Quintin,Kylie
,Quinten,Kailyn
,Quinton,Kaylyn
,Cooper,Kaylynn
,Quentin,Kylee
,Gustavo,Kaela
,Clark,Cassandra
,Graham,Kasandra
,Clarence,Casandra
,Grant,Kacie
,Chris,Catalina
,Christian,Katarina
,Cristian,Kaci
,Kristian,Kassandra
,Cristobal,Kassidy
,Christopher,Katia
,Cristopher,Katerina
,Kristofer,Katelin
,Kristopher,Katrina
,Griffin,Katlyn
,Clifford,Katlynn
,Clifton,Gabriela
,Clint,Gabriella
,Clinton,Gabriel
,Cruz,Gabrielle
,Clay,Camille
,Craig,Camila
,Grayson,Camryn
,Greyson,Kamryn
,Grady,Kameron
,Clayton,Kaya
,Gregory,Cara
,Glen,Kara
,Glenn,Caleigh
,Gary,Cali
,Kane,Callie
,Keven,Carli
,Gage,Kali
,Gaige,Kallie
,Casey,Kari
,Kasey,Karli
,Cade,Karlie
,Cale,Karly
,Kale,Karina
,Keagan,Carissa
,Keshaun,Calista
,Keshawn,Karissa
,Kenny,Carina
,Kenyon,Kaelyn
,Kenneth,Kalyn
,Kennedy,Carmen
,Kevin,Karla
,Kevon,Karen
,Kelly,Kiana
,Kelton,Kianna
,Kelvin,Kiara
,Kellen,Kiarra
,Kent,Keira
,Kendall,Keely
,Kendrick,Kiersten
,Cody,Kiera
,Cordell,Kierra
,Courtney,Gisselle
,Gordon,Catherine
,Conner,Katharine
,Conor,Katherine
,Cornelius,Kathryn
,Corbin,Cassie
,Corey,Kathy
,Cole,Cassidy
,Kole,Kathleen
,Coleman,Cameron
,Kody,Carlee
,Connor,Carley
,Coby,Carrie
,Kobe,Carolina
,Koby,Caroline
,Cory,Carolyn
,Korey,Carol
,Kory,Candace
,Colin,Candice
,Collin,Kira
,Cortez,Kyla
,Colten,Kyra
,Colt,Keeley
,Colton,Kirsten
,Kolton,Kirstin
,Colby,Kinsey
,Kolby,Kimberly
,Korbin,Guadalupe
,Gonzalo,Quinn
,Conrad,Gwendolyn
,Zaire,Claudia
,Zion,Graciela
,Simon,Clara
,Savion,Clarissa
,Saul,Christa
,Zachary,Krista
,Zakary,Cristal
,Zachariah,Crystal
,Zackary,Krystal
,Zackery,Christian
,Sonny,Christy
,Sabastian,Kristy
,Xavier,Christiana
,Xzavier,Christina
,Zachery,Cristina
,Sammy,Kristina
,Samir,Kristine
,Samuel,Christine
,Sam,Kristin
,Samson,Kristen
,Syed,Claire
,Salvatore,Clare
,Salvador,Gracie
,Xander,Grace
,Zander,Greta
,Santiago,Gretchen
,Santos,Chloe
,Cesar,Gloria
,Seamus,Keara
,Jean,Kacey
,Shea,Katie
,Jay,Katy
,Jake,Kate
,Jacob,Caitlin
,Jayce,Caitlyn
,Jace,Caitlynn
,Jason,Katelyn
,Jayson,Katelynn
,Jayden,Kayla
,Jaydon,Cayla
,Shayne,Kaleigh
,Jamie,Kaylee
,Jameson,Kayley
,Jaylan,Kaylie
,Jaylen,Kaylin
,Jaylin,Casey
,Jaylon,Kasey
,Jevon,Kelli
,James,Kenna
,Shane,Kenia
,Jesse,Kenya
,Jessie,Kennedi
,Jett,Kennedy
,Genaro,Kaley
,Jeff,Kayleigh
,Jefferson,Kellie
,Geoffrey,Kelly
,Jeffery,Kelsi
,Jeffrey,Kelsie
,Shemar,Kelsey
,Gerald,Kenzie
,Gerard,Kendall
,Gerardo,Kendra
,Jerry,Courtney
,Sheldon,Kourtney
,Jeremy,Cora
,Jerome,Colleen
,Sidney,Corinne
,Gino,Cortney
,Jimmie,Kori
,Jimmy,Saige
,Simeon,Sasha
,Jaeden,Sadie
,Jaiden,Savana
,Jarvis,Savanah
,Shamar,Savanna
,German,Savannah
,Jermaine,Sabrina
,Jairo,Summer
,Jaquan,Samara
,Jackson,Samantha
,Jaxon,Sara
,Jaxson,Sarah
,Justus,Sarai
,Justice,Zaria
,Justin,Sally
,Justyn,Sarina
,Jasper,Salma
,Jackie,Sandy
,Jack,Sandra
,Jaden,Gia
,Jadon,Ciara
,Shannon,Gianna
,Jabari,Sheila
,Javon,Shea
,Javonte,Jayda
,Jamar,Jayden
,Jamarcus,Jade
,Jamari,Jayde
,Jamal,Jamie
,Jamir,Shayla
,Jamison,Jayla
,Jamil,Shaylee
,Jamel,Jaylin
,Jarrett,Jane
,Jared,Jacey
,Jaron,Jesse
,Jalen,Jessie
,Jaren,Jessica
,Jarrod,Sienna
,Jarod,Jenna
,Jarred,Jenny
,Jalon,Jenifer
,Jan,Jennifer
,Giancarlo,Genesis
,Gianni,Ciera
,Jude,Cierra
,Junior,Sierra
,Julius,Sheridan
,Julian,Shelby
,Julien,Cielo
,Jovany,Giselle
,Joel,Sydni
,Joe,Cydney
,Joey,Sidney
,George,Sydnee
,Jorden,Sydney
,Jordon,Sydnie
,Jordy,Citlalli
,Sean,Gina
,Shaun,Jeanette
,Shawn,Simone
,Joan,Jaiden
,Josh,Shayna
,Joshua,Shirley
,Josue,Charlotte
,Josef,Cheyanne
,Joseph,Cheyenne
,Jonah,Shyann
,Johnathan,Jaycee
,Jonathan,Jaida
,Jonas,Shaina
,Jonathon,Jailyn
,Johnnie,Jakayla
,Johnny,Shakira
,Jovani,Jackeline
,Jovan,Jacqueline
,Giovanni,Jaclyn
,Giovanny,Jacquelyn
,John,Jaquelin
,Jon,Jaqueline
,Johnathon,Justice
,Silas,Justine
,Gilberto,Jasmin
,Sincere,Jasmine
,Skylar,Jasmyn
,Skyler,Jazmin
,Scott,Jazmine
,Sterling,Jazmyn
,Stanley,Jazmyne
,Stuart,Jazlyn
,Stephen,Jada
,Steve,Jacklyn
,Steven,Jadyn
,Stefan,Jaden
,Stephan,Shania
,Stephon,Janice
,Stone,Shaniya
,Spencer,Janessa
,Sage,Janet
,Zane,Janelle
,Theodore,Chanel
,Zechariah,Shannon
,Seth,Shyanne
,Cedric,Jalyn
,Sebastian,Jaelyn
,Sergio,Sharon
,Sawyer,Chantel
,Solomon,Jewel
,Turner,Judith
,Darin,Genevieve
,Darrin,Julia
,Ty,Juliana
,Tyson,Julianna
,Titus,Julianne
,Tyler,Julie
,Tyreek,Juliet
,Tyrique,Juliette
,Tyrek,Julissa
,Tyrell,Joana
,Tylor,Joanne
,Tyrone,Joanna
,Dylon,Joy
,Davon,Joyce
,Davonte,Giovanna
,Daquan,Shawna
,Douglas,Joelle
,Dakota,Jolie
,Dashawn,Georgia
,Dustin,Jordyn
,Tucker,Josie
,Thaddeus,Josephine
,Tanner,Jocelyn
,Danny,Joselyn
,Daniel,Gillian
,Darnell,Jillian
,Davion,Jill
,Damian,Silvia
,Damien,Sylvia
,Damion,Cynthia
,Darius,Cindy
,Dallas,Susan
,Darrius,Scarlett
,Darian,Sky
,Tyrese,Skye
,Darien,Skyla
,Dario,Skylar
,Darion,Skyler
,Darrion,Susana
,Tariq,Stacey
,Darryl,Stacy
,Daryl,Stefanie
,Dallin,Stephanie
,Dalton,Stephany
,Darrell,Stella
,Darren,Sage
,Talon,Cecelia
,Dan,Cecilia
,Duncan,Celina
,Dangelo,Selina
,Dante,Celine
,Dandre,Celeste
,Chase,Selena
,Charlie,Serena
,Charles,Serenity
,Chaim,Celia
,Chaz,Zoe
,Chad,Zoey
,Chance,Zoie
,Chandler,Sonia
,Deangelo,Sonya
,Deandre,Sofia
,Dean,Sophia
,Diego,Sophie
,Dion,Darby
,Tyshawn,Diana
,Tate,Diane
,Dayton,Daisha
,Davis,Daija
,Demarcus,Diamond
,Demarco,Tyra
,Dimitri,Tyler
,Timothy,Dakota
,Damon,Dasia
,Taylor,Desirae
,Dillan,Desiree
,Dylan,Tatum
,Tyree,Tatiana
,Dillion,Tatianna
,Dillon,Tatyana
,Devan,Dana
,Devante,Tania
,Tevin,Daniella
,Devin,Daniela
,Devyn,Danielle
,Dayne,Tanya
,Davin,Tabitha
,Dale,Daphne
,Dane,Tamara
,Deion,Damaris
,Deon,Tamia
,Deonte,Taya
,Deontae,Tara
,Dexter,Dallas
,Declan,Talia
,Destin,Thalia
,Deshaun,Dariana
,Desmond,Darian
,Dennis,Taryn
,Deshawn,Theresa
,David,Dulce
,Deven,Darlene
,Devon,Dawn
,Devonte,Chelsea
,Demetrius,Chelsey
,Duane,Chyna
,Terrance,Chaya
,Terry,Charity
,Derick,Chasity
,Derrick,Chandler
,Derek,Deasia
,Terrell,Tia
,Terence,Tiana
,Terrence,Tianna
,Dewayne,Deanna
,Denzel,Dianna
,Deondre,Tiara
,Denver,Teagan
,Dwayne,Tierra
,Dawson,Daisy
,Thomas,Tina
,Todd,Dayna
,Donavan,Dayana
,Donavon,Tiffany
,Donald,Tayler
,Tony,Taylor
,Donnie,Devin
,Donovan,Devyn
,Tobias,Deja
,Toby,Dejah
,Tomas,Tess
,Tommy,Destany
,Domenic,Destini
,Dominic,Destinee
,Dominick,Destiney
,Dominik,Destiny
,Dominique,Tessa
,Travis,Denise
,Travon,Deborah
,Dorian,Devon
,Tristan,Delaney
,Tristian,Delia
,Trystan,Delilah
,Tristin,Teresa
,Tristen,Tori
,Triston,Donna
,Drew,Toni
,Tre,Dominique
,Trey,Trisha
,Treyvon,Trinity
,Draven,Drew
,Drake,Tracy
,Trace,Dorothy
,Trever,Nayeli
,Trevor,Naomi
,Trevion,Natasha
,Trevon,Natalia
,Trent,Natalie
,Trenton,Nataly
,Troy,Nathalie
,Dwight,Nadia
,Don,Nadine
,Dontae,Nancy
,Donte,Nia
,Donnell,Nina
,Nigel,Nikita
,Nathanial,Nicole
,Nathaniel,Nichole
,Nasir,Nicolette
,Nathanael,Nikki
,Nathen,Nya
,Nash,Nyah
,Neal,Nyasia
,Neil,Neha
,Nicklaus,Noemi
,Nico,Noelia
,Nicholas,Noelle
,Nickolas,Nora
,Nicolas,Norma
,Nikolas,Parker
,Nick,Virginia
,Nikhil,Barbara
,Nathan,Harmony
,Nestor,Harley
,Nehemiah,Violet
,Nelson,Heidi
,Noah,Piper
,Noe,Jaime
,Noel,Paola
,Norman,Hadley
,Nolan,Patricia
,Parker,Hana
,Bernard,Pamela
,Herbert,Paris
,Harvey,Halie
,Harley,Hallie
,Jaime,Halle
,Byron,Haleigh
,Paxton,Valentina
,Hassan,Paloma
,Hudson,Hunter
,Patrick,Hanna
,Javier,Hannah
,Javion,Beatriz
,Pablo,Bianca
,Hamza,Victoria
,Paris,Hillary
,Harry,Fatima
,Barry,Juanita
,Harrison,Fabiola
,Khalid,Phoebe
,Barrett,Fiona
,Valentin,Faith
,Harold,Felicia
,Howard,Felicity
,Hunter,Fernanda
,Pierce,Bryana
,Heath,Breanna
,Peter,Breanne
,Pierre,Bryanna
,Victor,Blanca
,Hugh,Frances
,Hugo,Francesca
,Houston,Brandi
,Billy,Brandy
,Fabian,Bria
,Juan,Briana
,Fidel,Brianne
,Philip,Brianna
,Phillip,Brielle
,Finn,Brionna
,Phoenix,Brisa
,Felix,Bridget
,Felipe,Bridgette
,Fernando,Priscilla
,Forrest,Britney
,Brayan,Brittney
,Brian,Brynn
,Bryan,Princess
,Bryant,Brittany
,Brice,Brook
,Bryce,Brooke
,Brycen,Brooklyn
,Bryson,Brooklynn
,Braydon,Blair
,Braxton,Breana
,Brad,Precious
,Bradley,Presley
,Bradly,Brenna
,Frankie,Breonna
,Frank,Brenda
,Franklin,Beatrice
,Francis,Patience
,Francisco,Hayden
,Branson,Payton
,Brandan,Peyton
,Francesco,Baby
,Brandyn,Hailee
,Branden,Hailey
,Brant,Hailie
,Brandon,Haley
,Julio,Haylee
,Prince,Hayley
,Bruce,Haylie
,Bruno,Bailee
,Brooks,Bailey
,Blake,Baylee
,Blaise,Paige
,Blaze,Hazel
,Brady,Heather
,Brayden,Bethany
,Braedon,Haven
,Blaine,Heaven
,Braden,Bella
,Braeden,Perla
,Braiden,Helena
,Preston,Berenice
,Fred,Helen
,Bret,Belen
,Brett,Whitney
,Fredrick,Hope
,Freddie,Paula
,Freddy,Paulina
,Frederick,Bonnie
,Brennan,Holly
,Brennen,Margaret
,Brennon,Martha
,Brendan,Marlee
,Brenden,Marley
,Brent,Maia
,Brenton,Maiya
,Brendon,Myra
,Brock,Maura
,Brodie,Maegan
,Brody,Maggie
,Bronson,Magdalena
,Hayden,Makayla
,Payton,Makenna
,Peyton,Macey
,Baby,Madalyn
,Bailey,Maci
,Hector,Mckayla
,Pedro,Mackenzie
,Benny,Makenzie
,Benito,Mattie
,Bennett,Madisyn
,Perry,Madisen
,Heriberto,Maddison
,Bernardo,Madison
,Ben,Madyson
,Benjamin,Madilyn
,Henry,Madeline
,Joaquin,Madelyn
,Beau,Madelynn
,Bo,Madeleine
,Porter,Maya
,Paul,Mayra
,Holden,Mara
,Jose,Mariah
,Bobby,Maranda
,Jorge,Malia
,Marvin,Maria
,Marcus,Mariana
,Marquis,Mariam
,Marquise,Maryam
,Marc,Marian
,Mark,Marianna
,Marshall,Marie
,Martin,Marina
,Maverick,Mariela
,Marlon,Marisa
,Mike,Marisol
,Michael,Maritza
,Micheal,Marissa
,Miles,Maribel
,Myles,Marilyn
,Myron,Margarita
,Mauricio,Martina
,Maximiliano,Marlen
,Maxim,Marlene
,Maximus,Mallory
,Maximilian,Mandy
,Maximillian,Mia
,Maxwell,Mya
,Mathew,Myah
,Matthew,Micah
,Max,Mikayla
,Mackenzie,Micaela
,Matteo,Mikaela
,Mateo,Michaela
,Manuel,Mckenzie
,Malachi,Michele
,Mariano,Michelle
,Mario,Misty
,Malik,Miracle
,Markus,Miranda
,Marques,Miriam
,Marquez,Mireya
,Marco,Mary
,Marcos,Meagan
,Malcolm,Meaghan
,Marcel,Macie
,Marcelo,Macy
,Micah,Maeve
,Mekhi,Meghan
,Mikel,Megan
,Miguel,Mckenna
,Misael,Melanie
,Mitchel,Melisa
,Mitchell,Melissa
,Milton,Melina
,Muhammad,Melinda
,Mason,Mercedes
,Melvin,Meredith
,Moises,Melody
,Morgan,Morgan
,Moses,Monique
,Maurice,Monica
,Moshe,Moriah
,Mohammad,Mollie
,Mohammed,Molly
,Mohamed,Monserrat
,Jacoby,Montana
,Jakob,Yasmeen
,Eugene,Yasmin
,Judah,Yasmine
,Ulises,Yazmin
,Ulysses,Yadira
,Josiah,Jana
,Johan,Janae
,Jordan,Janiya
,Ryan,Yamilet
,Ryder,Unique
,Reilly,Johanna
,Riley,Yolanda
,Raul,Jordan
,Rasheed,Ryan
,Rashad,Ryann
,Rashawn,Laisha
,Russell,Raina
,Ladarius,Laila
,Latrell,Reilly
,Rafael,Riley
,Raphael,Rylie
,Raheem,Lara
,Rahul,Ryleigh
,Lamar,Larissa
,Ramiro,Randi
,Ramon,Lia
,Lamont,Iliana
,Larry,Leanna
,Ryley,Liana
,Ralph,Rhianna
,Lance,Lea
,Randall,Leah
,Landen,Reese
,Landon,Leann
,Randy,Raven
,Liam,Raquel
,Lee,Lisa
,Reese,Litzy
,Reece,Lizbeth
,Reed,Lizeth
,Reid,Lisette
,Lane,Lizette
,Layne,Rita
,Ricardo,Lydia
,Rigoberto,Reanna
,Richard,Rebekah
,Rickey,Rhiannon
,Ricky,Lila
,Rick,Liliana
,River,Lilliana
,Rylan,Lilian
,Leroy,Lillian
,Lincoln,Lillie
,Louis,Lilly
,Lewis,Lily
,Luis,Rylee
,Lucas,Lyric
,Lukas,Lindsey
,Luke,Lindsay
,Reuben,Lyndsey
,Ruben,Linda
,Luca,Luisa
,Luciano,Lucy
,Rudy,Luz
,Rene,Ruth
,Ray,Lucia
,Rey,Renee
,Raven,Ruby
,Reynaldo,Lourdes
,Raymond,Raegan
,Raymundo,Rachael
,Levi,Rachel
,Reagan,Rachelle
,Leo,Rayna
,Leonard,Reina
,Leonardo,Reyna
,Leonel,Layla
,Leon,Leila
,Reginald,Leilani
,Rhett,Reagan
,Remington,Lacey
,Roy,Laney
,Royce,Regan
,Lloyd,Lexus
,Logan,Lexi
,Lawson,Lexie
,Rohan,Regina
,Roman,Lesley
,Roland,Leslie
,Rolando,Lesly
,Lawrence,Leticia
,Rowan,Lena
,Rogelio,Rebeca
,Roger,Rebecca
,Ross,Logan
,Rocky,Rosa
,Roderick,Rose
,Rodney,Rosemary
,Rodrigo,Laura
,Rodolfo,Laurel
,Ronald,Lauryn
,Ronaldo,Lauren
,Lonnie,Loren
,Ronnie,Roxanne
,Robert,Rosalinda
,Roberto,Rocio
,Romeo,Robin
,Rory,Robyn
,Lorenzo,Lori
,London,Lorena
,,London
